sym_tag,po_tag,eff_tag,n,beta1_OR,poregbias,poregcov,poregp,wpbias,wpcov,wpp,bin7bias,bin7cov,bin7p,linbias,lincov,linp,pobiasz,wpbiasz,bin7biasz,linbiasz,nonPO_d0_bias,nonPO_d15_bias,nonPO_d30_bias,nonPO_d0_Zbias,nonPO_d15_Zbias,nonPO_d30_Zbias,nonPO_d0_cov,nonPO_d15_cov,nonPO_d30_cov,nonPO_d0_pow,nonPO_d15_pow,nonPO_d30_pow,sumnonpoErrFlag,nonPO_pow,nonpoLRTpower,nonpoConvProp
Heavy0,POMet,strengthenedeffects,300,0.5,-0.0084,96%,83%,0.0319,80%,83%,-0.0375,96%,39%,-0.0048,95%,71%,1%,8%,5%,1%,-0.0081,-0.0271,-0.0654,1%,4%,9%,96%,96%,97%,82%,68%,32%,92,87%,47%,91%
Heavy0,POMet,strengthenedeffects,300,0.6,-0.0056,95%,57%,0.0217,90%,57%,-0.0338,96%,25%,-0.0038,96%,47%,1%,5%,7%,1%,-0.0089,-0.0237,-0.0464,2%,5%,9%,96%,96%,97%,55%,46%,21%,67,65%,26%,93%
Heavy0,POMet,strengthenedeffects,300,0.7,-0.0032,96%,31%,0.0141,94%,32%,-0.0274,96%,15%,-0.0035,96%,27%,1%,3%,8%,1%,-0.0085,-0.0235,-0.0524,2%,7%,15%,96%,96%,96%,30%,25%,13%,86,40%,14%,91%
Heavy0,POMet,strengthenedeffects,300,0.8,-0.0025,96%,15%,0.0082,96%,16%,-0.0304,95%,10%,-0.0037,95%,14%,1%,2%,14%,1%,-0.0062,-0.0170,-0.0402,3%,8%,18%,96%,95%,97%,15%,13%,9%,94,25%,8%,91%
Heavy0,POMet,strengthenedeffects,300,0.9,-0.0009,96%,7%,0.0036,96%,7%,-0.0221,96%,6%,-0.0036,96%,7%,1%,1%,21%,3%,-0.0024,-0.0096,-0.0365,2%,9%,35%,96%,95%,96%,7%,7%,5%,88,13%,5%,91%
Heavy0,POMet,strengthenedeffects,300,1,-0.0009,97%,4%,-0.0001,96%,4%,-0.0189,95%,5%,-0.0038,95%,5%,-,-,-,-,-0.0029,-0.0070,-0.0281,-,-,-,96%,95%,96%,4%,5%,4%,80,9%,7%,92%
Heavy0,POViolated,strengthenedeffects,300,0.5,-0.0496,96%,87%,0.0272,85%,87%,-0.049,97%,61%,-0.003,96%,85%,7%,7%,5%,0%,-0.0097,-0.0314,-0.1728,1%,4%,17%,96%,96%,98%,81%,81%,51%,95,92%,58%,91%
Heavy0,POViolated,strengthenedeffects,300,0.6,-0.0517,95%,64%,0.0163,93%,64%,-0.0433,97%,49%,-0.0033,95%,68%,10%,4%,5%,0%,-0.0105,-0.0285,-0.0758,2%,4%,9%,96%,96%,96%,55%,65%,39%,96,76%,38%,90%
Heavy0,POViolated,strengthenedeffects,300,0.7,-0.0529,95%,40%,0.0081,96%,40%,-0.0339,96%,36%,-0.003,96%,47%,15%,2%,5%,0%,-0.0026,-0.0180,-0.0444,1%,4%,7%,96%,97%,97%,29%,45%,30%,79,55%,24%,92%
Heavy0,POViolated,strengthenedeffects,300,0.8,-0.0552,95%,20%,0.0016,96%,21%,-0.0337,96%,26%,-0.0029,96%,30%,25%,0%,6%,1%,-0.0058,-0.0223,-0.0519,3%,6%,10%,96%,96%,96%,15%,26%,22%,70,38%,17%,93%
Heavy0,POViolated,strengthenedeffects,300,0.9,-0.0566,95%,11%,-0.0035,95%,11%,-0.0311,96%,18%,-0.0026,96%,17%,54%,-1%,8%,1%,-0.0013,-0.0152,-0.0473,1%,6%,12%,96%,95%,96%,7%,16%,16%,80,26%,13%,92%
Heavy0,POViolated,strengthenedeffects,300,1,0.0653,95%,5%,0.0085,95%,5%,-0.0055,96%,13%,-0.003,96%,9%,-,-,-,-,-,-,-,-,-,-,95%,94%,95%,5%,6%,10%,432,16%,15%,57%
Heavy0,POMet,attenuatedeffects,300,0.5,-0.0084,96%,83%,0.0319,80%,83%,-0.0375,96%,39%,-0.0048,95%,71%,1%,8%,5%,1%,-0.0081,-0.0271,-0.0654,1%,4%,9%,96%,96%,97%,82%,68%,32%,92,87%,47%,91%
Heavy0,POMet,attenuatedeffects,300,0.6,-0.0056,95%,57%,0.0217,90%,57%,-0.0338,96%,25%,-0.0038,96%,47%,1%,5%,7%,1%,-0.0089,-0.0237,-0.0464,2%,5%,9%,96%,96%,97%,55%,46%,21%,67,65%,26%,93%
Heavy0,POMet,attenuatedeffects,300,0.7,-0.0032,96%,31%,0.0141,94%,32%,-0.0274,96%,15%,-0.0035,96%,27%,1%,3%,8%,1%,-0.0085,-0.0235,-0.0524,2%,7%,15%,96%,96%,96%,30%,25%,13%,86,40%,14%,91%
Heavy0,POMet,attenuatedeffects,300,0.8,-0.0025,96%,15%,0.0082,96%,16%,-0.0304,95%,10%,-0.0037,95%,14%,1%,2%,14%,1%,-0.0062,-0.0170,-0.0402,3%,8%,18%,96%,95%,97%,15%,13%,9%,94,25%,8%,91%
Heavy0,POMet,attenuatedeffects,300,0.9,-0.0009,96%,7%,0.0036,96%,7%,-0.0221,96%,6%,-0.0036,96%,7%,1%,1%,21%,3%,-0.0024,-0.0096,-0.0365,2%,9%,35%,96%,95%,96%,7%,7%,5%,88,13%,5%,91%
Heavy0,POMet,attenuatedeffects,300,1,-0.0009,97%,4%,-0.0001,96%,4%,-0.0189,95%,5%,-0.0038,95%,5%,-,-,-,-,-,-,-,-,-,-,96%,95%,96%,4%,5%,4%,80,9%,7%,92%
Heavy0,POViolated,attenuatedeffects,300,0.5,0.0399,96%,77%,0.0373,73%,77%,-0.0329,96%,18%,-0.0046,95%,51%,-6%,10%,8%,1%,-0.0251,-0.0587,-0.0992,4%,11%,25%,97%,97%,98%,83%,54%,16%,149,85%,55%,85%
Heavy0,POViolated,attenuatedeffects,300,0.6,0.0470,96%,47%,0.028,84%,48%,-0.0293,96%,9%,-0.0046,95%,25%,-9%,7%,14%,1%,-0.0315,-0.0594,-0.1021,6%,16%,48%,96%,95%,97%,58%,28%,10%,195,62%,37%,81%
Heavy0,POViolated,attenuatedeffects,300,0.7,0.0534,96%,24%,0.021,91%,24%,-0.0206,96%,5%,-0.0041,95%,12%,-15%,5%,36%,2%,-0.0338,-0.0719,-0.1350,9%,35%,238%,96%,95%,97%,34%,15%,5%,273,37%,25%,73%
Heavy0,POViolated,attenuatedeffects,300,0.8,0.0579,95%,10%,0.0157,94%,11%,-0.0186,96%,5%,-0.0037,96%,6%,-26%,3%,-24%,4%,-0.0350,-0.0698,-0.1336,16%,95%,-174%,96%,96%,97%,18%,7%,3%,302,21%,16%,70%
Heavy0,POViolated,attenuatedeffects,300,0.9,0.0627,96%,4%,0.0118,95%,5%,-0.0148,96%,8%,-0.004,95%,5%,-59%,2%,-8%,-5%,-0.0400,-0.0722,-0.1353,38%,-162%,-69%,96%,95%,95%,9%,4%,6%,363,16%,14%,64%
Heavy0,POViolated,attenuatedeffects,300,1,0.0653,95%,5%,0.0085,95%,5%,-0.0055,96%,13%,-0.003,96%,9%,-,-,-,-,-,-,-,-,-,-,95%,94%,95%,5%,6%,10%,432,16%,15%,57%
Symmetric,POMet,strengthenedeffects,300,0.5,-0.0051,96%,94%,-0.0003,96%,94%,-0.0071,96%,81%,0.0005,96%,94%,1%,0%,1%,0%,-0.0086,-0.0050,-0.0102,1%,1%,1%,95%,96%,96%,75%,91%,78%,0,96%,64%,100%
Symmetric,POMet,strengthenedeffects,300,0.6,-0.0043,96%,71%,-0.0005,95%,71%,-0.005,96%,54%,0.0013,96%,71%,1%,0%,1%,0%,-0.0093,-0.0030,-0.0067,2%,1%,1%,96%,96%,95%,46%,66%,55%,0,78%,34%,100%
Symmetric,POMet,strengthenedeffects,300,0.7,-0.0027,96%,40%,-0.0003,96%,40%,-0.0025,96%,29%,0.0028,96%,40%,1%,0%,1%,0%,-0.0077,-0.0011,-0.0037,2%,0%,1%,95%,96%,95%,26%,36%,30%,0,52%,19%,100%
Symmetric,POMet,strengthenedeffects,300,0.8,-0.0014,96%,18%,-0.0002,96%,19%,-0.002,96%,14%,0.0028,96%,19%,1%,0%,1%,-1%,-0.0046,-0.0002,-0.0005,2%,0%,0%,95%,96%,96%,13%,16%,14%,2,28%,8%,100%
Symmetric,POMet,strengthenedeffects,300,0.9,0.0003,96%,8%,0.0001,96%,8%,-0.0003,96%,7%,0.0039,96%,8%,0%,0%,0%,-2%,-0.0010,0.0010,0.0005,1%,-1%,0%,94%,96%,95%,8%,8%,7%,4,17%,6%,100%
Symmetric,POMet,strengthenedeffects,300,1,0.0004,96%,4%,0.0001,96%,4%,-0.0011,96%,4%,0.0025,96%,5%,-,-,-,-,-,-,-,-,-,-,95%,96%,96%,5%,4%,4%,5,11%,5%,100%
Symmetric,POViolated,strengthenedeffects,300,0.5,-0.1587,89%,99%,-0.0237,88%,99%,-0.0135,96%,98%,-0.0034,96%,99%,23%,-6%,1%,0%,-0.0086,-0.0080,-0.0201,1%,1%,2%,95%,96%,96%,75%,99%,97%,0,99%,88%,100%
Symmetric,POViolated,strengthenedeffects,300,0.6,-0.1643,88%,92%,-0.0255,87%,92%,-0.0069,96%,91%,-0.0006,96%,94%,32%,-6%,1%,0%,-0.0093,-0.0049,-0.0139,2%,1%,2%,96%,96%,96%,46%,87%,90%,0,96%,70%,100%
Symmetric,POViolated,strengthenedeffects,300,0.7,-0.1692,87%,73%,-0.0269,87%,73%,-0.0085,96%,77%,0.0008,96%,76%,47%,-6%,1%,0%,-0.0077,-0.0030,-0.0095,2%,1%,1%,95%,96%,95%,26%,65%,74%,0,84%,49%,100%
Symmetric,POViolated,strengthenedeffects,300,0.8,-0.1738,87%,48%,-0.0279,87%,48%,-0.006,96%,56%,0.0017,96%,52%,78%,-6%,1%,0%,-0.0049,-0.0017,-0.0079,2%,0%,2%,95%,96%,95%,13%,40%,57%,1,65%,32%,100%
Symmetric,POViolated,strengthenedeffects,300,0.9,-0.1775,86%,27%,-0.0287,86%,28%,-0.0015,96%,37%,0.0021,97%,30%,168%,-6%,0%,0%,-0.0019,-0.0009,-0.0049,2%,0%,1%,94%,97%,95%,8%,22%,38%,0,44%,21%,100%
Symmetric,POViolated,strengthenedeffects,300,1,0.1951,85%,15%,0.0315,85%,15%,0.0022,96%,25%,0.0025,96%,15%,-,-,-,-,-0.0020,0.0004,-0.0060,-,-,-,95%,96%,96%,5%,10%,25%,109,32%,24%,89%
Symmetric,POMet,attenuatedeffects,300,0.5,-0.0051,96%,94%,-0.0003,96%,94%,-0.0071,96%,81%,0.0005,96%,94%,1%,0%,1%,0%,-0.0086,-0.0050,-0.0102,1%,1%,1%,95%,96%,96%,75%,91%,78%,0,96%,64%,100%
Symmetric,POMet,attenuatedeffects,300,0.6,-0.0043,96%,71%,-0.0005,95%,71%,-0.005,96%,54%,0.0013,96%,71%,1%,0%,1%,0%,-0.0093,-0.0030,-0.0067,2%,1%,1%,96%,96%,95%,46%,66%,55%,0,78%,34%,100%
Symmetric,POMet,attenuatedeffects,300,0.7,-0.0027,96%,40%,-0.0003,96%,40%,-0.0025,96%,29%,0.0028,96%,40%,1%,0%,1%,0%,-0.0077,-0.0011,-0.0037,2%,0%,1%,95%,96%,95%,26%,36%,30%,0,52%,19%,100%
Symmetric,POMet,attenuatedeffects,300,0.8,-0.0014,96%,18%,-0.0002,96%,19%,-0.002,96%,14%,0.0028,96%,19%,1%,0%,1%,-1%,-0.0046,-0.0002,-0.0005,2%,0%,0%,95%,96%,96%,13%,16%,14%,2,28%,8%,100%
Symmetric,POMet,attenuatedeffects,300,0.9,0.0003,96%,8%,0.0001,96%,8%,-0.0003,96%,7%,0.0039,96%,8%,0%,0%,0%,-2%,-0.0010,0.0010,0.0005,1%,-1%,0%,94%,96%,95%,8%,8%,7%,4,17%,6%,100%
Symmetric,POMet,attenuatedeffects,300,1,0.0004,96%,4%,0.0001,96%,4%,-0.0011,96%,4%,0.0025,96%,5%,-,-,-,-,-0.0020,0.0004,-0.0060,-,-,-,95%,96%,96%,5%,4%,4%,5,11%,5%,100%
Symmetric,POViolated,attenuatedeffects,300,0.5,0.1605,89%,73%,0.0257,90%,74%,-0.0021,96%,35%,0.0015,96%,69%,-23%,7%,1%,0%,-0.0090,-0.0050,-0.0064,1%,1%,2%,95%,96%,96%,75%,71%,36%,4,85%,62%,100%
Symmetric,POViolated,attenuatedeffects,300,0.6,0.1701,88%,37%,0.0274,88%,38%,-0.0014,96%,13%,0.0035,96%,32%,-33%,7%,1%,-1%,-0.0138,-0.0065,-0.0083,3%,2%,4%,96%,96%,96%,46%,38%,13%,26,56%,39%,97%
Symmetric,POViolated,attenuatedeffects,300,0.7,0.1774,87%,14%,0.0287,87%,14%,-0.0009,96%,4%,0.0029,96%,12%,-50%,6%,2%,-1%,-0.0108,-0.0063,-0.0085,3%,3%,15%,95%,96%,96%,26%,15%,5%,54,32%,29%,95%
Symmetric,POViolated,attenuatedeffects,300,0.8,0.1852,86%,5%,0.0301,87%,5%,-0.0006,96%,4%,0.0043,95%,5%,-83%,6%,-1%,-7%,-0.0141,-0.0057,-0.0056,6%,8%,-7%,95%,96%,95%,14%,6%,4%,75,19%,22%,93%
Symmetric,POViolated,attenuatedeffects,300,0.9,0.1911,86%,5%,0.031,85%,5%,-0.0009,96%,12%,0.0038,96%,6%,-181%,6%,0%,2%,-0.0094,-0.0027,-0.0075,9%,-6%,-4%,94%,96%,96%,8%,4%,12%,98,21%,20%,90%
Symmetric,POViolated,attenuatedeffects,300,1,0.1951,85%,15%,0.0315,85%,15%,0.0022,96%,25%,0.0025,96%,15%,-,-,-,-,-0.0020,0.0004,-0.0060,-,-,-,95%,96%,96%,5%,10%,25%,109,32%,24%,89%
Heavy0,POMet,strengthenedeffects,600,0.5,-0.0079,95%,98%,0.0316,64%,98%,-0.0197,95%,66%,-0.0027,95%,94%,1%,8%,3%,0%,-0.0087,-0.0070,-0.0263,1%,1%,4%,96%,95%,94%,98%,91%,58%,6,99%,82%,99%
Heavy0,POMet,strengthenedeffects,600,0.6,-0.0077,96%,87%,0.0212,82%,87%,-0.008,95%,45%,-0.0028,95%,78%,2%,5%,2%,0%,-0.0089,-0.0057,-0.0164,2%,1%,3%,96%,95%,94%,85%,74%,39%,6,90%,53%,99%
Heavy0,POMet,strengthenedeffects,600,0.7,-0.0070,96%,60%,0.0135,90%,60%,-0.0057,95%,26%,-0.0029,95%,49%,2%,3%,2%,1%,-0.0082,-0.0041,-0.0096,2%,1%,3%,95%,96%,94%,58%,44%,24%,4,68%,28%,100%
Heavy0,POMet,strengthenedeffects,600,0.8,-0.0055,96%,29%,0.0076,93%,30%,-0.0044,96%,14%,-0.0031,95%,23%,2%,2%,2%,1%,-0.0059,-0.0041,-0.0058,3%,2%,3%,95%,96%,95%,26%,22%,13%,6,36%,12%,99%
Heavy0,POMet,strengthenedeffects,600,0.9,-0.0044,96%,9%,0.0031,95%,9%,-0.0042,94%,7%,-0.0032,95%,10%,4%,1%,4%,2%,-0.0050,-0.0035,-0.0025,5%,3%,2%,96%,96%,95%,8%,9%,8%,6,18%,6%,99%
Heavy0,POMet,strengthenedeffects,600,1,-0.0035,96%,5%,-0.0005,95%,5%,-0.003,95%,5%,-0.0033,95%,5%,-,-,-,-,-0.0020,0.0004,-0.0060,-,-,-,95%,95%,95%,5%,5%,5%,4,11%,5%,100%
Heavy0,POViolated,strengthenedeffects,600,0.5,-0.0495,95%,99%,0.0269,71%,99%,-0.029,95%,89%,-0.0024,95%,99%,7%,7%,3%,0%,-0.0084,-0.0090,-0.0492,1%,1%,5%,96%,95%,95%,98%,98%,84%,2,100%,92%,100%
Heavy0,POViolated,strengthenedeffects,600,0.6,-0.0537,95%,91%,0.0159,88%,91%,-0.0225,95%,78%,-0.0029,95%,92%,11%,4%,3%,0%,-0.0089,-0.0070,-0.0354,2%,1%,4%,96%,95%,95%,85%,89%,69%,5,95%,74%,100%
Heavy0,POViolated,strengthenedeffects,600,0.7,-0.0567,95%,72%,0.0075,93%,72%,-0.0145,95%,63%,-0.0032,95%,78%,16%,2%,2%,1%,-0.0090,-0.0065,-0.0250,3%,1%,4%,95%,96%,95%,59%,73%,54%,8,83%,51%,99%
Heavy0,POViolated,strengthenedeffects,600,0.8,-0.0583,95%,40%,0.0011,95%,40%,-0.0084,95%,46%,-0.0027,95%,53%,26%,0%,2%,1%,-0.0068,-0.0048,-0.0173,3%,1%,3%,95%,96%,94%,27%,48%,39%,8,60%,33%,99%
Heavy0,POViolated,strengthenedeffects,600,0.9,-0.0603,95%,17%,-0.004,95%,17%,-0.0089,95%,31%,-0.0032,95%,30%,57%,-1%,2%,1%,-0.0051,-0.0042,-0.0113,5%,2%,3%,96%,96%,94%,8%,26%,29%,2,39%,22%,100%
Heavy0,POViolated,strengthenedeffects,600,1,0.0627,93%,7%,0.0082,93%,7%,0.0016,95%,24%,-0.0037,95%,14%,-,-,-,-,-0.0020,0.0004,-0.0060,-,-,-,95%,96%,95%,5%,11%,19%,301,24%,31%,70%
Heavy0,POMet,attenuatedeffects,600,0.5,-0.0079,95%,98%,0.0316,64%,98%,-0.0197,95%,66%,-0.0027,95%,94%,1%,8%,3%,0%,-0.0087,-0.0070,-0.0263,1%,1%,4%,96%,95%,94%,98%,91%,58%,6,99%,82%,99%
Heavy0,POMet,attenuatedeffects,600,0.6,-0.0077,96%,87%,0.0212,82%,87%,-0.008,95%,45%,-0.0028,95%,78%,2%,5%,2%,0%,-0.0089,-0.0057,-0.0164,2%,1%,3%,96%,95%,94%,85%,74%,39%,6,90%,53%,99%
Heavy0,POMet,attenuatedeffects,600,0.7,-0.0070,96%,60%,0.0135,90%,60%,-0.0057,95%,26%,-0.0029,95%,49%,2%,3%,2%,1%,-0.0082,-0.0041,-0.0096,2%,1%,3%,95%,96%,94%,58%,44%,24%,4,68%,28%,100%
Heavy0,POMet,attenuatedeffects,600,0.8,-0.0055,96%,29%,0.0076,93%,30%,-0.0044,96%,14%,-0.0031,95%,23%,2%,2%,2%,1%,-0.0059,-0.0041,-0.0058,3%,2%,3%,95%,96%,95%,26%,22%,13%,6,36%,12%,99%
Heavy0,POMet,attenuatedeffects,600,0.9,-0.0044,96%,9%,0.0031,95%,9%,-0.0042,94%,7%,-0.0032,95%,10%,4%,1%,4%,2%,-0.0050,-0.0035,-0.0025,5%,3%,2%,96%,96%,95%,8%,9%,8%,6,18%,6%,99%
Heavy0,POMet,attenuatedeffects,600,1,-0.0035,96%,5%,-0.0005,95%,5%,-0.003,95%,5%,-0.0033,95%,5%,-,-,-,-,-0.0020,0.0004,-0.0060,-,-,-,95%,95%,95%,5%,5%,5%,4,11%,5%,100%
Heavy0,POViolated,attenuatedeffects,600,0.5,0.0401,94%,96%,0.037,54%,96%,-0.0081,95%,30%,-0.0026,95%,80%,-6%,10%,2%,0%,-0.0106,-0.0110,-0.0202,2%,2%,5%,96%,96%,95%,98%,80%,29%,22,98%,90%,98%
Heavy0,POViolated,attenuatedeffects,600,0.6,0.0449,93%,79%,0.0274,72%,80%,-0.0044,95%,13%,-0.0028,95%,47%,-9%,7%,2%,1%,-0.0179,-0.0230,-0.0350,4%,6%,17%,96%,97%,96%,87%,49%,12%,68,88%,75%,93%
Heavy0,POViolated,attenuatedeffects,600,0.7,0.0496,93%,45%,0.0204,83%,45%,-0.0054,95%,5%,-0.0034,95%,20%,-14%,5%,9%,1%,-0.0203,-0.0282,-0.0403,6%,14%,71%,96%,97%,96%,61%,22%,5%,110,63%,53%,89%
Heavy0,POViolated,attenuatedeffects,600,0.8,0.0547,94%,17%,0.0152,89%,17%,-0.002,95%,6%,-0.0035,96%,7%,-24%,3%,-3%,4%,-0.0193,-0.0306,-0.0455,9%,42%,-59%,96%,96%,95%,29%,8%,5%,185,35%,39%,82%
Heavy0,POViolated,attenuatedeffects,600,0.9,0.0589,93%,5%,0.0112,91%,5%,-0.0004,94%,12%,-0.0036,95%,7%,-56%,2%,0%,-4%,-0.0115,-0.0186,-0.0342,11%,-42%,-18%,96%,95%,94%,9%,6%,11%,235,21%,32%,77%
Heavy0,POViolated,attenuatedeffects,600,1,0.0627,93%,7%,0.0082,93%,7%,0.0016,95%,24%,-0.0037,95%,14%,-,-,-,-,-0.0020,0.0004,-0.0060,-,-,-,95%,96%,95%,5%,11%,19%,301,24%,31%,70%
Symmetric,POMet,strengthenedeffects,600,0.5,-0.0080,96%,100%,-0.001,96%,100%,-0.009,96%,98%,-0.0125,94%,100%,1%,0%,1%,1%,-0.0084,-0.0107,-0.0073,1%,2%,1%,95%,94%,95%,96%,99%,97%,0,100%,94%,100%
Symmetric,POMet,strengthenedeffects,600,0.6,-0.0070,95%,94%,-0.0011,95%,94%,-0.0093,96%,86%,-0.0131,95%,94%,1%,0%,2%,1%,-0.0067,-0.0104,-0.0059,1%,2%,1%,94%,95%,95%,77%,92%,84%,0,96%,68%,100%
Symmetric,POMet,strengthenedeffects,600,0.7,-0.0071,95%,72%,-0.0012,95%,72%,-0.0085,95%,59%,-0.0147,95%,73%,2%,0%,2%,2%,-0.0063,-0.0106,-0.0055,2%,3%,2%,94%,95%,96%,48%,67%,57%,0,79%,35%,100%
Symmetric,POMet,strengthenedeffects,600,0.8,-0.0053,95%,37%,-0.0009,95%,37%,-0.0065,96%,27%,-0.0123,95%,38%,2%,0%,3%,3%,-0.0035,-0.0088,-0.0042,2%,4%,2%,94%,95%,96%,21%,35%,26%,0,47%,14%,100%
Symmetric,POMet,strengthenedeffects,600,0.9,-0.0052,95%,13%,-0.0009,95%,13%,-0.0052,96%,8%,-0.0129,95%,12%,5%,0%,5%,6%,-0.0021,-0.0087,-0.0040,2%,8%,4%,93%,95%,96%,9%,12%,10%,0,22%,6%,100%
Symmetric,POMet,strengthenedeffects,600,1,-0.0045,95%,5%,-0.0007,95%,5%,-0.004,95%,5%,-0.012,95%,5%,0%,0%,0%,-1%,-0.0006,-0.0079,-0.0031,0%,-1%,0%,94%,95%,96%,6%,5%,4%,0,13%,5%,100%
Symmetric,POViolated,strengthenedeffects,600,0.5,-0.1593,80%,100%,-0.0241,79%,100%,-0.0094,95%,100%,-0.011,95%,100%,23%,-6%,1%,1%,-0.0084,-0.0111,-0.0083,1%,1%,1%,95%,95%,95%,96%,100%,100%,0,100%,100%,100%
Symmetric,POViolated,strengthenedeffects,600,0.6,-0.1658,78%,100%,-0.026,77%,100%,-0.0096,95%,100%,-0.0116,94%,100%,32%,-6%,1%,1%,-0.0067,-0.0105,-0.0072,1%,2%,1%,94%,94%,95%,77%,99%,100%,0,100%,97%,100%
Symmetric,POViolated,strengthenedeffects,600,0.7,-0.1721,76%,95%,-0.0275,75%,95%,-0.008,96%,96%,-0.0128,95%,96%,48%,-6%,1%,1%,-0.0063,-0.0104,-0.0070,2%,2%,1%,94%,95%,95%,48%,92%,95%,0,98%,85%,100%
Symmetric,POViolated,strengthenedeffects,600,0.8,-0.1768,75%,80%,-0.0286,75%,80%,-0.0098,95%,87%,-0.0134,95%,84%,79%,-6%,2%,2%,-0.0035,-0.0103,-0.0061,2%,3%,1%,94%,95%,96%,21%,70%,86%,0,90%,66%,100%
Symmetric,POViolated,strengthenedeffects,600,0.9,-0.1809,75%,52%,-0.0294,75%,52%,-0.0087,95%,68%,-0.0123,95%,56%,172%,-6%,2%,2%,-0.0021,-0.0088,-0.0057,2%,3%,1%,93%,95%,96%,9%,42%,68%,0,72%,47%,100%
Symmetric,POViolated,strengthenedeffects,600,1,0.1893,75%,25%,0.0307,75%,25%,-0.0068,96%,41%,-0.0121,95%,26%,-,-,-,-,-0.0020,0.0004,-0.0060,-,-,-,94%,94%,96%,6%,16%,46%,12,50%,59%,99%
Symmetric,POMet,attenuatedeffects,600,0.5,-0.0080,96%,100%,-0.001,96%,100%,-0.009,96%,98%,-0.0125,94%,100%,1%,0%,1%,1%,-0.0084,-0.0107,-0.0073,1%,2%,1%,95%,94%,95%,96%,99%,97%,0,100%,94%,100%
Symmetric,POMet,attenuatedeffects,600,0.6,-0.0070,95%,94%,-0.0011,95%,94%,-0.0093,96%,86%,-0.0131,95%,94%,1%,0%,2%,1%,-0.0067,-0.0104,-0.0059,1%,2%,1%,94%,95%,95%,77%,92%,84%,0,96%,68%,100%
Symmetric,POMet,attenuatedeffects,600,0.7,-0.0071,95%,72%,-0.0012,95%,72%,-0.0085,95%,59%,-0.0147,95%,73%,2%,0%,2%,2%,-0.0063,-0.0106,-0.0055,2%,3%,2%,94%,95%,96%,48%,67%,57%,0,79%,35%,100%
Symmetric,POMet,attenuatedeffects,600,0.8,-0.0053,95%,37%,-0.0009,95%,37%,-0.0065,96%,27%,-0.0123,95%,38%,2%,0%,3%,3%,-0.0035,-0.0088,-0.0042,2%,4%,2%,94%,95%,96%,21%,35%,26%,0,47%,14%,100%
Symmetric,POMet,attenuatedeffects,600,0.9,-0.0052,95%,13%,-0.0009,95%,13%,-0.0052,96%,8%,-0.0129,95%,12%,5%,0%,5%,6%,-0.0021,-0.0087,-0.0040,2%,8%,4%,93%,95%,96%,9%,12%,10%,0,22%,6%,100%
Symmetric,POMet,attenuatedeffects,600,1,-0.0045,95%,5%,-0.0007,95%,5%,-0.004,95%,5%,-0.012,95%,5%,-,-,-,-,-0.0020,0.0004,-0.0060,-,-,-,94%,95%,96%,6%,5%,4%,0,13%,5%,100%
Symmetric,POViolated,attenuatedeffects,600,0.5,0.1569,81%,96%,0.0249,82%,96%,-0.008,95%,66%,-0.0138,95%,93%,-23%,6%,2%,1%,-0.0084,-0.0108,-0.0054,1%,2%,1%,95%,94%,95%,96%,94%,65%,0,98%,93%,100%
Symmetric,POViolated,attenuatedeffects,600,0.6,0.1655,79%,68%,0.0265,81%,68%,-0.0062,96%,24%,-0.0143,95%,61%,-32%,6%,3%,2%,-0.0069,-0.0109,-0.0045,1%,3%,2%,94%,94%,95%,77%,68%,24%,2,84%,72%,100%
Symmetric,POViolated,attenuatedeffects,600,0.7,0.1727,78%,26%,0.0279,79%,27%,-0.0048,95%,5%,-0.0133,95%,22%,-48%,6%,8%,4%,-0.0067,-0.0095,-0.0058,2%,5%,10%,94%,95%,95%,48%,31%,6%,8,53%,55%,99%
Symmetric,POViolated,attenuatedeffects,600,0.8,0.1790,77%,6%,0.029,77%,6%,-0.0056,96%,7%,-0.0128,95%,6%,-80%,6%,-7%,22%,-0.0037,-0.0086,-0.0043,2%,12%,-6%,94%,95%,96%,21%,9%,8%,7,30%,47%,99%
Symmetric,POViolated,attenuatedeffects,600,0.9,0.1841,75%,9%,0.0299,75%,9%,-0.0075,95%,21%,-0.0133,95%,10%,-175%,6%,-4%,-7%,-0.0022,-0.0083,-0.0047,2%,-19%,-2%,93%,94%,96%,9%,6%,21%,15,30%,50%,99%
Symmetric,POViolated,attenuatedeffects,600,1,0.1893,75%,25%,0.0307,75%,25%,-0.0068,96%,41%,-0.0121,95%,26%,-,-,-,-,-0.0020,0.0004,-0.0060,-,-,-,94%,94%,96%,6%,16%,46%,12,50%,59%,99%
Heavy0,POMet,strengthenedeffects,1200,0.5,-0.0041,95%,100%,0.0319,36%,100%,-0.0097,96%,94%,-0.0043,95%,100%,1%,8%,1%,1%,-0.0036,-0.0074,-0.0129,1%,1%,2%,95%,96%,96%,100%,100%,89%,0,100%,99%,100%
Heavy0,POMet,strengthenedeffects,1200,0.6,-0.0039,96%,99%,0.0216,66%,99%,-0.0093,96%,75%,-0.0044,95%,97%,1%,5%,2%,1%,-0.0035,-0.0060,-0.0084,1%,1%,2%,95%,95%,96%,99%,96%,69%,0,100%,87%,100%
Heavy0,POMet,strengthenedeffects,1200,0.7,-0.0030,95%,86%,0.0139,84%,86%,-0.0042,96%,47%,-0.0048,95%,78%,1%,3%,1%,1%,-0.0020,-0.0061,-0.0070,1%,2%,2%,95%,96%,96%,84%,74%,39%,0,90%,54%,100%
Heavy0,POMet,strengthenedeffects,1200,0.8,-0.0029,95%,52%,0.0079,91%,52%,-0.0047,95%,24%,-0.0049,95%,41%,1%,2%,2%,2%,-0.0022,-0.0054,-0.0052,1%,2%,2%,95%,96%,95%,48%,40%,19%,0,59%,20%,100%
Heavy0,POMet,strengthenedeffects,1200,0.9,-0.0027,95%,14%,0.0033,94%,14%,-0.0047,96%,8%,-0.0055,96%,14%,3%,1%,4%,4%,-0.0018,-0.0054,-0.0046,2%,5%,4%,95%,96%,96%,14%,13%,7%,0,22%,7%,100%
Heavy0,POMet,strengthenedeffects,1200,1,-0.0026,94%,6%,-0.0003,94%,6%,-0.0028,95%,5%,-0.0051,95%,5%,-,-,-,-,-0.0020,0.0004,-0.0060,-,-,-,95%,96%,95%,6%,4%,5%,0,11%,6%,100%
Heavy0,POViolated,strengthenedeffects,1200,0.5,-0.0457,95%,100%,0.0272,49%,100%,-0.0167,96%,100%,-0.0037,95%,100%,7%,7%,2%,0%,-0.0036,-0.0079,-0.0187,1%,1%,2%,95%,96%,95%,100%,100%,99%,0,100%,100%,100%
Heavy0,POViolated,strengthenedeffects,1200,0.6,-0.0498,94%,100%,0.0162,78%,100%,-0.0142,96%,98%,-0.0043,95%,100%,10%,4%,2%,1%,-0.0035,-0.0073,-0.0138,1%,1%,2%,95%,96%,96%,99%,100%,95%,0,100%,98%,100%
Heavy0,POViolated,strengthenedeffects,1200,0.7,-0.0524,94%,93%,0.0079,91%,93%,-0.0109,95%,92%,-0.0043,95%,97%,15%,2%,2%,1%,-0.0020,-0.0060,-0.0124,1%,1%,2%,95%,96%,96%,84%,96%,86%,0,98%,86%,100%
Heavy0,POViolated,strengthenedeffects,1200,0.8,-0.0557,93%,67%,0.0013,95%,67%,-0.0089,95%,77%,-0.0048,96%,83%,25%,0%,2%,1%,-0.0022,-0.0061,-0.0086,1%,2%,2%,95%,95%,96%,48%,79%,71%,0,88%,66%,100%
Heavy0,POViolated,strengthenedeffects,1200,0.9,-0.0584,92%,29%,-0.0038,95%,29%,-0.0051,96%,55%,-0.0049,95%,52%,55%,-1%,1%,1%,-0.0018,-0.0055,-0.0078,2%,2%,2%,95%,95%,96%,14%,49%,48%,0,62%,46%,100%
Heavy0,POViolated,strengthenedeffects,1200,1,0.0634,91%,9%,0.0083,91%,9%,-0.0058,96%,42%,-0.0061,96%,25%,-,-,-,-,-0.0020,0.0004,-0.0060,-,-,-,94%,95%,96%,6%,20%,36%,98,43%,73%,90%
Heavy0,POMet,attenuatedeffects,1200,0.5,-0.0041,95%,100%,0.0319,36%,100%,-0.0097,96%,94%,-0.0043,95%,100%,1%,8%,1%,1%,-0.0036,-0.0074,-0.0129,1%,1%,2%,95%,96%,96%,100%,100%,89%,0,100%,99%,100%
Heavy0,POMet,attenuatedeffects,1200,0.6,-0.0039,96%,99%,0.0216,66%,99%,-0.0093,96%,75%,-0.0044,95%,97%,1%,5%,2%,1%,-0.0035,-0.0060,-0.0084,1%,1%,2%,95%,95%,96%,99%,96%,69%,0,100%,87%,100%
Heavy0,POMet,attenuatedeffects,1200,0.7,-0.0030,95%,86%,0.0139,84%,86%,-0.0042,96%,47%,-0.0048,95%,78%,1%,3%,1%,1%,-0.0020,-0.0061,-0.0070,1%,2%,2%,95%,96%,96%,84%,74%,39%,0,90%,54%,100%
Heavy0,POMet,attenuatedeffects,1200,0.8,-0.0029,95%,52%,0.0079,91%,52%,-0.0047,95%,24%,-0.0049,95%,41%,1%,2%,2%,2%,-0.0022,-0.0054,-0.0052,1%,2%,2%,95%,96%,95%,48%,40%,19%,0,59%,20%,100%
Heavy0,POMet,attenuatedeffects,1200,0.9,-0.0027,95%,14%,0.0033,94%,14%,-0.0047,96%,8%,-0.0055,96%,14%,3%,1%,4%,4%,-0.0018,-0.0054,-0.0046,2%,5%,4%,95%,96%,96%,14%,13%,7%,0,22%,7%,100%
Heavy0,POMet,attenuatedeffects,1200,1,-0.0026,94%,6%,-0.0003,94%,6%,-0.0028,95%,5%,-0.0051,95%,5%,-,-,-,-,-0.0020,0.0004,-0.0060,-,-,-,95%,96%,95%,6%,4%,5%,0,11%,6%,100%
Heavy0,POViolated,attenuatedeffects,1200,0.5,0.0438,93%,100%,0.0373,22%,100%,-0.0047,96%,53%,-0.0044,95%,98%,-6%,10%,1%,1%,-0.0036,-0.0063,-0.0075,1%,1%,2%,95%,95%,96%,100%,98%,46%,0,100%,100%,100%
Heavy0,POViolated,attenuatedeffects,1200,0.6,0.0485,93%,98%,0.0278,50%,98%,-0.0047,95%,23%,-0.005,95%,77%,-9%,7%,2%,1%,-0.0052,-0.0085,-0.0091,1%,2%,4%,95%,96%,96%,99%,77%,17%,12,99%,97%,99%
Heavy0,POViolated,attenuatedeffects,1200,0.7,0.0537,92%,73%,0.0208,69%,73%,-0.003,95%,5%,-0.0046,96%,33%,-15%,5%,5%,2%,-0.0067,-0.0129,-0.0148,2%,6%,26%,95%,96%,96%,85%,38%,5%,46,86%,89%,95%
Heavy0,POViolated,attenuatedeffects,1200,0.8,0.0572,92%,29%,0.0155,82%,29%,-0.003,95%,6%,-0.0051,96%,7%,-26%,3%,-4%,6%,-0.0069,-0.0118,-0.0107,3%,16%,-14%,95%,95%,95%,49%,9%,6%,71,54%,76%,93%
Heavy0,POViolated,attenuatedeffects,1200,0.9,0.0607,91%,6%,0.0114,88%,6%,-0.0051,96%,21%,-0.0053,96%,6%,-58%,2%,-3%,-6%,-0.0036,-0.0079,-0.0060,3%,-18%,-3%,95%,96%,96%,14%,6%,16%,87,32%,72%,91%
Heavy0,POViolated,attenuatedeffects,1200,1,0.0634,91%,9%,0.0083,91%,9%,-0.0058,96%,42%,-0.0061,96%,25%,-,-,-,-,-0.0020,0.0004,-0.0060,-,-,-,94%,95%,96%,6%,20%,36%,98,43%,73%,90%
Symmetric,POMet,strengthenedeffects,1200,0.5,-0.0036,94%,100%,-0.0005,94%,100%,-0.0036,95%,100%,-0.0058,95%,100%,1%,0%,1%,0%,-0.0024,-0.0043,-0.0052,0%,1%,1%,95%,95%,95%,100%,100%,100%,0,100%,100%,100%
Symmetric,POMet,strengthenedeffects,1200,0.6,-0.0034,94%,100%,-0.0006,94%,100%,-0.0035,95%,99%,-0.0059,94%,100%,1%,0%,1%,1%,-0.0023,-0.0038,-0.0047,0%,1%,1%,95%,95%,96%,97%,100%,99%,0,100%,96%,100%
Symmetric,POMet,strengthenedeffects,1200,0.7,-0.0035,94%,94%,-0.0007,94%,94%,-0.002,95%,84%,-0.006,94%,94%,1%,0%,1%,1%,-0.0014,-0.0036,-0.0045,0%,1%,1%,95%,94%,96%,72%,92%,85%,0,95%,67%,100%
Symmetric,POMet,strengthenedeffects,1200,0.8,-0.0033,94%,62%,-0.0007,94%,62%,-0.0022,95%,48%,-0.0055,94%,61%,1%,0%,1%,1%,-0.0033,-0.0027,-0.0038,1%,1%,2%,95%,94%,95%,37%,56%,49%,0,71%,26%,100%
Symmetric,POMet,strengthenedeffects,1200,0.9,-0.0027,94%,20%,-0.0005,94%,20%,-0.0018,95%,14%,-0.0049,95%,19%,3%,0%,2%,2%,-0.0008,-0.0022,-0.0033,1%,2%,3%,95%,95%,95%,13%,16%,15%,0,27%,7%,100%
Symmetric,POMet,strengthenedeffects,1200,1,-0.0022,94%,6%,-0.0004,94%,6%,-0.0021,95%,6%,-0.0047,95%,5%,-,-,-,-,-0.0020,0.0004,-0.0060,-,-,-,95%,95%,95%,5%,5%,5%,0,12%,4%,100%
Symmetric,POViolated,strengthenedeffects,1200,0.5,-0.1547,70%,100%,-0.0236,69%,100%,-0.0055,95%,100%,-0.0058,94%,100%,22%,-6%,1%,0%,-0.0024,-0.0049,-0.0063,0%,1%,1%,95%,95%,96%,100%,100%,100%,0,100%,100%,100%
Symmetric,POViolated,strengthenedeffects,1200,0.6,-0.1620,67%,100%,-0.0256,66%,100%,-0.0051,96%,100%,-0.006,94%,100%,32%,-6%,1%,0%,-0.0023,-0.0041,-0.0063,0%,1%,1%,95%,94%,96%,97%,100%,100%,0,100%,100%,100%
Symmetric,POViolated,strengthenedeffects,1200,0.7,-0.1677,64%,100%,-0.027,62%,100%,-0.0039,95%,100%,-0.0055,94%,100%,47%,-6%,1%,0%,-0.0014,-0.0038,-0.0048,0%,1%,1%,95%,95%,95%,72%,100%,100%,0,100%,100%,100%
Symmetric,POViolated,strengthenedeffects,1200,0.8,-0.1737,61%,97%,-0.0282,60%,97%,-0.0036,95%,99%,-0.0061,94%,98%,78%,-6%,1%,1%,-0.0033,-0.0034,-0.0047,1%,1%,1%,95%,94%,96%,37%,94%,99%,0,99%,94%,100%
Symmetric,POViolated,strengthenedeffects,1200,0.9,-0.1778,59%,81%,-0.029,59%,81%,-0.0024,95%,92%,-0.0051,94%,84%,169%,-6%,1%,1%,-0.0008,-0.0027,-0.0045,1%,1%,1%,95%,94%,95%,13%,68%,92%,0,94%,83%,100%
Symmetric,POViolated,strengthenedeffects,1200,1,0.1908,53%,47%,0.031,53%,47%,-0.0036,94%,72%,-0.0053,94%,48%,-,-,-,-,-0.0020,0.0004,-0.0060,-,-,-,95%,95%,95%,5%,27%,75%,0,78%,91%,100%
Symmetric,POMet,attenuatedeffects,1200,0.5,-0.0036,94%,100%,-0.0005,94%,100%,-0.0036,95%,100%,-0.0058,95%,100%,1%,0%,1%,0%,-0.0024,-0.0043,-0.0052,0%,1%,1%,95%,95%,95%,100%,100%,100%,0,100%,100%,100%
Symmetric,POMet,attenuatedeffects,1200,0.6,-0.0034,94%,100%,-0.0006,94%,100%,-0.0035,95%,99%,-0.0059,94%,100%,1%,0%,1%,1%,-0.0023,-0.0038,-0.0047,0%,1%,1%,95%,95%,96%,97%,100%,99%,0,100%,96%,100%
Symmetric,POMet,attenuatedeffects,1200,0.7,-0.0035,94%,94%,-0.0007,94%,94%,-0.002,95%,84%,-0.006,94%,94%,1%,0%,1%,1%,-0.0014,-0.0036,-0.0045,0%,1%,1%,95%,94%,96%,72%,92%,85%,0,95%,67%,100%
Symmetric,POMet,attenuatedeffects,1200,0.8,-0.0033,94%,62%,-0.0007,94%,62%,-0.0022,95%,48%,-0.0055,94%,61%,1%,0%,1%,1%,-0.0033,-0.0027,-0.0038,1%,1%,2%,95%,94%,95%,37%,56%,49%,0,71%,26%,100%
Symmetric,POMet,attenuatedeffects,1200,0.9,-0.0027,94%,20%,-0.0005,94%,20%,-0.0018,95%,14%,-0.0049,95%,19%,3%,0%,2%,2%,-0.0008,-0.0022,-0.0033,1%,2%,3%,95%,95%,95%,13%,16%,15%,0,27%,7%,100%
Symmetric,POMet,attenuatedeffects,1200,1,-0.0022,94%,6%,-0.0004,94%,6%,-0.0021,95%,6%,-0.0047,95%,5%,-,-,-,-,-0.0020,0.0004,-0.0060,-,-,-,95%,95%,95%,5%,5%,5%,0,12%,4%,100%
Symmetric,POViolated,attenuatedeffects,1200,0.5,0.1607,66%,100%,0.0253,66%,100%,-0.0026,95%,90%,-0.0061,94%,100%,-23%,7%,1%,1%,-0.0024,-0.0040,-0.0046,0%,1%,1%,95%,94%,95%,100%,100%,91%,0,100%,100%,100%
Symmetric,POViolated,attenuatedeffects,1200,0.6,0.1685,63%,93%,0.0269,64%,93%,-0.0026,95%,43%,-0.0059,94%,88%,-33%,6%,1%,1%,-0.0023,-0.0035,-0.0037,0%,1%,2%,95%,94%,95%,97%,92%,45%,0,98%,98%,100%
Symmetric,POViolated,attenuatedeffects,1200,0.7,0.1755,59%,42%,0.0283,60%,42%,-0.0018,95%,7%,-0.0051,94%,35%,-49%,6%,3%,1%,-0.0014,-0.0026,-0.0033,0%,1%,6%,95%,94%,95%,72%,49%,8%,0,77%,90%,100%
Symmetric,POViolated,attenuatedeffects,1200,0.8,0.1808,57%,7%,0.0293,57%,7%,-0.0027,94%,10%,-0.0056,95%,7%,-81%,6%,-3%,9%,-0.0033,-0.0021,-0.0034,1%,3%,-4%,95%,95%,95%,37%,11%,10%,0,46%,85%,100%
Symmetric,POViolated,attenuatedeffects,1200,0.9,0.1860,54%,12%,0.0302,54%,12%,-0.0027,94%,36%,-0.0054,95%,14%,-177%,6%,-1%,-3%,-0.0008,-0.0018,-0.0033,1%,-4%,-2%,95%,95%,95%,13%,7%,38%,0,49%,87%,100%
Symmetric,POViolated,attenuatedeffects,1200,1,0.1908,53%,47%,0.031,53%,47%,-0.0036,94%,72%,-0.0053,94%,48%,-,-,-,-,-0.0020,0.0004,-0.0060,-,-,-,95%,95%,95%,5%,27%,75%,0,78%,91%,100%
Heavy0,POMet,strengthenedeffects,2400,0.5,0.0004,96%,100%,0.0322,8%,100%,-0.002,95%,100%,0.0004,95%,100%,0%,8%,0%,0%,0.0007,-0.0021,-0.0018,0%,0%,0%,96%,95%,96%,100%,100%,99%,0,100%,100%,100%
Heavy0,POMet,strengthenedeffects,2400,0.6,0.0005,95%,100%,0.022,40%,100%,-0.0029,95%,96%,0.0006,95%,100%,0%,5%,1%,0%,0.0005,-0.0011,-0.0010,0%,0%,0%,96%,95%,95%,100%,100%,92%,0,100%,100%,100%
Heavy0,POMet,strengthenedeffects,2400,0.7,0.0007,96%,99%,0.0143,71%,99%,-0.0043,94%,74%,0.001,95%,97%,0%,3%,1%,0%,0.0006,0.0000,-0.0006,0%,0%,0%,96%,96%,95%,99%,96%,67%,0,100%,87%,100%
Heavy0,POMet,strengthenedeffects,2400,0.8,0.0011,96%,78%,0.0084,88%,78%,-0.0031,95%,42%,0.0009,95%,68%,0%,2%,1%,0%,0.0012,0.0002,-0.0010,-1%,0%,0%,96%,96%,95%,73%,65%,35%,0,82%,40%,100%
Heavy0,POMet,strengthenedeffects,2400,0.9,0.0010,95%,25%,0.0038,95%,25%,-0.0007,94%,12%,0.0014,96%,23%,-1%,1%,1%,-1%,0.0010,0.0010,-0.0005,-1%,-1%,0%,96%,96%,95%,24%,20%,13%,0,34%,10%,100%
Heavy0,POMet,strengthenedeffects,2400,1,0.0003,96%,4%,0,96%,4%,-0.0018,95%,6%,0.0005,96%,4%,-,-,-,-,-0.0020,0.0004,-0.0060,-,-,-,96%,96%,95%,4%,4%,5%,0,11%,4%,100%
Heavy0,POViolated,strengthenedeffects,2400,0.5,-0.0414,94%,100%,0.0275,18%,100%,-0.0022,96%,100%,0.0003,95%,100%,6%,7%,0%,0%,0.0007,-0.0024,-0.0042,0%,0%,0%,96%,95%,95%,100%,100%,100%,0,100%,100%,100%
Heavy0,POViolated,strengthenedeffects,2400,0.6,-0.0456,93%,100%,0.0166,62%,100%,-0.003,96%,100%,0.0004,95%,100%,9%,4%,0%,0%,0.0005,-0.0019,-0.0027,0%,0%,0%,96%,95%,95%,100%,100%,100%,0,100%,100%,100%
Heavy0,POViolated,strengthenedeffects,2400,0.7,-0.0490,92%,100%,0.0082,89%,100%,-0.0022,95%,99%,0.0007,95%,100%,14%,2%,0%,0%,0.0006,-0.0010,-0.0017,0%,0%,0%,96%,95%,95%,99%,100%,99%,0,100%,99%,100%
Heavy0,POViolated,strengthenedeffects,2400,0.8,-0.0517,91%,93%,0.0018,95%,93%,-0.0028,95%,96%,0.0012,95%,98%,23%,0%,1%,0%,0.0012,-0.0002,-0.0012,-1%,0%,0%,96%,96%,95%,73%,97%,93%,0,98%,93%,100%
Heavy0,POViolated,strengthenedeffects,2400,0.9,-0.0548,90%,51%,-0.0034,94%,51%,-0.004,95%,83%,0.0012,95%,80%,52%,-1%,1%,0%,0.0010,0.0006,-0.0015,-1%,0%,0%,96%,96%,95%,24%,76%,77%,0,85%,79%,100%
Heavy0,POViolated,strengthenedeffects,2400,1,0.0667,88%,12%,0.0087,88%,12%,0.0005,96%,70%,0.0013,96%,45%,-,-,-,-,-0.0020,0.0004,-0.0060,-,-,-,96%,96%,94%,4%,38%,63%,12,68%,98%,99%
Heavy0,POMet,attenuatedeffects,2400,0.5,0.0004,96%,100%,0.0322,8%,100%,-0.002,95%,100%,0.0004,95%,100%,0%,8%,0%,0%,0.0007,-0.0021,-0.0018,0%,0%,0%,96%,95%,96%,100%,100%,99%,0,100%,100%,100%
Heavy0,POMet,attenuatedeffects,2400,0.6,0.0005,95%,100%,0.022,40%,100%,-0.0029,95%,96%,0.0006,95%,100%,0%,5%,1%,0%,0.0005,-0.0011,-0.0010,0%,0%,0%,96%,95%,95%,100%,100%,92%,0,100%,100%,100%
Heavy0,POMet,attenuatedeffects,2400,0.7,0.0007,96%,99%,0.0143,71%,99%,-0.0043,94%,74%,0.001,95%,97%,0%,3%,1%,0%,0.0006,0.0000,-0.0006,0%,0%,0%,96%,96%,95%,99%,96%,67%,0,100%,87%,100%
Heavy0,POMet,attenuatedeffects,2400,0.8,0.0011,96%,78%,0.0084,88%,78%,-0.0031,95%,42%,0.0009,95%,68%,0%,2%,1%,0%,0.0012,0.0002,-0.0010,-1%,0%,0%,96%,96%,95%,73%,65%,35%,0,82%,40%,100%
Heavy0,POMet,attenuatedeffects,2400,0.9,0.0010,95%,25%,0.0038,95%,25%,-0.0007,94%,12%,0.0014,96%,23%,-1%,1%,1%,-1%,0.0010,0.0010,-0.0005,-1%,-1%,0%,96%,96%,95%,24%,20%,13%,0,34%,10%,100%
Heavy0,POMet,attenuatedeffects,2400,1,0.0003,96%,4%,0,96%,4%,-0.0018,95%,6%,0.0005,96%,4%,-,-,-,-,-0.0020,0.0004,-0.0060,-,-,-,96%,96%,95%,4%,4%,5%,0,11%,4%,100%
Heavy0,POViolated,attenuatedeffects,2400,0.5,0.0486,92%,100%,0.0377,2%,100%,-0.0046,95%,81%,0.0005,95%,100%,-7%,10%,1%,0%,0.0005,-0.0012,-0.0016,0%,0%,0%,96%,95%,95%,100%,100%,75%,2,100%,100%,100%
Heavy0,POViolated,attenuatedeffects,2400,0.6,0.0532,91%,100%,0.0282,19%,100%,-0.0029,95%,39%,0.0008,96%,96%,-10%,7%,1%,0%,0.0005,-0.0001,-0.0010,0%,0%,0%,96%,96%,95%,100%,96%,33%,0,100%,100%,100%
Heavy0,POViolated,attenuatedeffects,2400,0.7,0.0572,90%,95%,0.0212,45%,95%,-0.0016,95%,7%,0.0008,96%,57%,-16%,5%,3%,0%,0.0003,0.0000,-0.0015,0%,0%,3%,96%,96%,95%,99%,59%,9%,3,99%,100%,100%
Heavy0,POViolated,attenuatedeffects,2400,0.8,0.0613,89%,51%,0.0159,66%,51%,-0.0006,95%,11%,0.0011,96%,10%,-27%,3%,-1%,-1%,0.0004,-0.0004,-0.0017,0%,1%,-2%,96%,96%,94%,74%,11%,10%,16,79%,98%,98%
Heavy0,POViolated,attenuatedeffects,2400,0.9,0.0644,88%,8%,0.0119,80%,8%,0.0007,96%,36%,0.0015,96%,10%,-61%,2%,0%,2%,0.0004,0.0008,-0.0009,0%,2%,0%,96%,96%,94%,24%,8%,32%,14,54%,97%,99%
Heavy0,POViolated,attenuatedeffects,2400,1,0.0667,88%,12%,0.0087,88%,12%,0.0005,96%,70%,0.0013,96%,45%,-,-,-,-,-0.0020,0.0004,-0.0060,-,-,-,96%,96%,94%,4%,38%,63%,12,68%,98%,99%
Symmetric,POMet,strengthenedeffects,2400,0.5,0.0000,96%,100%,0,96%,100%,0.0007,96%,100%,0.0024,96%,100%,0%,0%,0%,0%,-0.0043,0.0015,0.0000,1%,0%,0%,97%,96%,96%,100%,100%,100%,0,100%,100%,100%
Symmetric,POMet,strengthenedeffects,2400,0.6,0.0003,96%,100%,-0.0001,96%,100%,0.0005,96%,100%,0.0026,96%,100%,0%,0%,0%,0%,-0.0025,0.0014,0.0005,0%,0%,0%,96%,96%,96%,100%,100%,100%,0,100%,100%,100%
Symmetric,POMet,strengthenedeffects,2400,0.7,0.0006,96%,100%,-0.0001,96%,100%,0.0006,96%,99%,0.0026,96%,100%,0%,0%,0%,0%,-0.0020,0.0014,0.0007,1%,0%,0%,96%,96%,96%,97%,100%,99%,0,100%,96%,100%
Symmetric,POMet,strengthenedeffects,2400,0.8,0.0006,97%,89%,-0.0001,96%,89%,0.0012,96%,73%,0.0019,97%,89%,0%,0%,-1%,0%,-0.0004,0.0009,0.0005,0%,0%,0%,97%,96%,96%,62%,85%,76%,0,93%,51%,100%
Symmetric,POMet,strengthenedeffects,2400,0.9,0.0008,97%,30%,0.0001,96%,30%,0.001,96%,24%,0.0022,96%,30%,-1%,0%,-1%,-1%,-0.0003,0.0010,0.0011,0%,-1%,-1%,96%,96%,96%,18%,26%,24%,0,42%,11%,100%
Symmetric,POMet,strengthenedeffects,2400,1,0.0008,97%,3%,0.0001,97%,3%,0,96%,4%,0.0017,97%,3%,-,-,-,-,-0.0020,0.0004,-0.0060,-,-,-,96%,96%,96%,4%,4%,4%,0,10%,3%,100%
Symmetric,POViolated,strengthenedeffects,2400,0.5,-0.1512,47%,100%,-0.0232,46%,100%,0.0012,95%,100%,0.0021,96%,100%,22%,-6%,0%,0%,-0.0043,0.0016,-0.0016,1%,0%,0%,97%,96%,95%,100%,100%,100%,0,100%,100%,100%
Symmetric,POViolated,strengthenedeffects,2400,0.6,-0.1582,41%,100%,-0.0251,40%,100%,0.0016,96%,100%,0.0025,96%,100%,31%,-6%,0%,0%,-0.0025,0.0014,-0.0004,0%,0%,0%,96%,96%,95%,100%,100%,100%,0,100%,100%,100%
Symmetric,POViolated,strengthenedeffects,2400,0.7,-0.1644,37%,100%,-0.0265,36%,100%,0.0002,96%,100%,0.0023,96%,100%,46%,-6%,0%,0%,-0.0020,0.0014,-0.0002,1%,0%,0%,96%,96%,96%,97%,100%,100%,0,100%,100%,100%
Symmetric,POViolated,strengthenedeffects,2400,0.8,-0.1693,33%,100%,-0.0276,33%,100%,0.0007,96%,100%,0.0029,96%,100%,76%,-6%,0%,0%,-0.0004,0.0014,0.0006,0%,0%,0%,97%,96%,96%,62%,100%,100%,0,100%,100%,100%
Symmetric,POViolated,strengthenedeffects,2400,0.9,-0.1740,31%,98%,-0.0284,30%,98%,0.0005,96%,100%,0.0025,96%,99%,165%,-6%,0%,0%,-0.0003,0.0013,0.0007,0%,-1%,0%,96%,96%,96%,18%,93%,100%,0,100%,99%,100%
Symmetric,POViolated,strengthenedeffects,2400,1,0.1936,21%,79%,0.0314,21%,79%,0,95%,96%,0.0013,97%,81%,-,-,-,-,-0.0020,0.0004,-0.0060,-,-,-,96%,96%,96%,4%,49%,96%,0,97%,100%,100%
Symmetric,POMet,attenuatedeffects,2400,0.5,0.0000,96%,100%,0,96%,100%,0.0007,96%,100%,0.0024,96%,100%,0%,0%,0%,0%,-0.0043,0.0015,0.0000,1%,0%,0%,97%,96%,96%,100%,100%,100%,0,100%,100%,100%
Symmetric,POMet,attenuatedeffects,2400,0.6,0.0003,96%,100%,-0.0001,96%,100%,0.0005,96%,100%,0.0026,96%,100%,0%,0%,0%,0%,-0.0025,0.0014,0.0005,0%,0%,0%,96%,96%,96%,100%,100%,100%,0,100%,100%,100%
Symmetric,POMet,attenuatedeffects,2400,0.7,0.0006,96%,100%,-0.0001,96%,100%,0.0006,96%,99%,0.0026,96%,100%,0%,0%,0%,0%,-0.0020,0.0014,0.0007,1%,0%,0%,96%,96%,96%,97%,100%,99%,0,100%,96%,100%
Symmetric,POMet,attenuatedeffects,2400,0.8,0.0006,97%,89%,-0.0001,96%,89%,0.0012,96%,73%,0.0019,97%,89%,0%,0%,-1%,0%,-0.0004,0.0009,0.0005,0%,0%,0%,97%,96%,96%,62%,85%,76%,0,93%,51%,100%
Symmetric,POMet,attenuatedeffects,2400,0.9,0.0008,97%,30%,0.0001,96%,30%,0.001,96%,24%,0.0022,96%,30%,-1%,0%,-1%,-1%,-0.0003,0.0010,0.0011,0%,-1%,-1%,96%,96%,96%,18%,26%,24%,0,42%,11%,100%
Symmetric,POMet,attenuatedeffects,2400,1,0.0008,97%,3%,0.0001,97%,3%,0,96%,4%,0.0017,97%,3%,-,-,-,-,-0.0020,0.0004,-0.0060,-,-,-,96%,96%,96%,4%,4%,4%,0,10%,3%,100%
Symmetric,POViolated,attenuatedeffects,2400,0.5,0.1646,37%,100%,0.0259,37%,100%,0.0004,96%,99%,0.0026,96%,100%,-24%,7%,0%,0%,-0.0043,0.0016,0.0007,1%,0%,0%,97%,96%,96%,100%,100%,100%,0,100%,100%,100%
Symmetric,POViolated,attenuatedeffects,2400,0.6,0.1724,32%,100%,0.0275,33%,100%,0.0012,97%,70%,0.0023,97%,99%,-34%,7%,-1%,0%,-0.0025,0.0014,0.0006,0%,0%,0%,96%,96%,96%,100%,100%,72%,0,100%,100%,100%
Symmetric,POViolated,attenuatedeffects,2400,0.7,0.1789,28%,72%,0.0288,29%,72%,0.0003,96%,11%,0.0019,96%,62%,-50%,7%,-1%,-1%,-0.0020,0.0010,0.0010,1%,0%,-2%,96%,96%,96%,97%,79%,9%,0,97%,100%,100%
Symmetric,POViolated,attenuatedeffects,2400,0.8,0.1846,26%,7%,0.0299,26%,7%,0,96%,14%,0.0016,97%,5%,-83%,6%,0%,-3%,-0.0004,0.0007,0.0009,0%,-1%,1%,97%,96%,95%,62%,15%,14%,0,71%,100%,100%
Symmetric,POViolated,attenuatedeffects,2400,0.9,0.1895,23%,20%,0.0308,23%,20%,-0.0004,95%,66%,0.0014,97%,24%,-180%,6%,0%,1%,-0.0003,0.0008,0.0009,0%,2%,0%,96%,96%,96%,18%,8%,70%,0,79%,100%,100%
Symmetric,POViolated,attenuatedeffects,2400,1,0.1936,21%,79%,0.0314,21%,79%,0,95%,96%,0.0013,97%,81%,-,-,-,-,-0.0020,0.0004,-0.0060,-,-,-,96%,96%,96%,4%,49%,96%,0,97%,100%,100%
,,,,,,,,,,,,,,,,,,,,,,,,,,,,,,,,,,,,
,,,,,,,,,,,,,,,,,,,,,,,,,,,,,,,,,,,,
,,,,,,,,,,,,,,,,,,,,,,,,,,,,,,,,,,,,
,,,,,,94%,,,8%,,,94%,,,95%,,,,,,,,,,,,95%,95%,94%,,,,,,,
,,,,,,97%,,,96%,,,96%,,,96%,,,,,,,,,,,,96%,96%,97%,,,,,,,
